都道府県,都道府県コード,市区町村,市区町村コード,緯度,経度,イベント,発生件数,リンク
静岡県,22,焼津市,212,34.862063,138.307423,急ブレーキ,1,"https://www.google.com/maps?q=34.862063,138.307423"
静岡県,22,焼津市,212,34.882762,138.320731,急ブレーキ,1,"https://www.google.com/maps?q=34.882762,138.320731"
静岡県,22,焼津市,212,34.878226,138.307745,急ブレーキ,1,"https://www.google.com/maps?q=34.878226,138.307745"
静岡県,22,焼津市,212,34.86972699,138.299528,急ブレーキ,1,"https://www.google.com/maps?q=34.86972699,138.299528"
静岡県,22,焼津市,212,34.87436,138.324601,急ブレーキ,1,"https://www.google.com/maps?q=34.87436,138.324601"
静岡県,22,焼津市,212,34.873415,138.323818,急ブレーキ,2,"https://www.google.com/maps?q=34.873415,138.32381799"
静岡県,22,焼津市,212,34.871801,138.295449,急ブレーキ,1,"https://www.google.com/maps?q=34.871801,138.295449"
静岡県,22,焼津市,212,34.866473,138.300445,急ブレーキ,3,"https://www.google.com/maps?q=34.866473,138.300445"
静岡県,22,焼津市,212,34.866166,138.311534,急ブレーキ,1,"https://www.google.com/maps?q=34.866166,138.311534"
静岡県,22,焼津市,212,34.794063,138.292426,急ブレーキ,1,"https://www.google.com/maps?q=34.794063,138.292426"
静岡県,22,焼津市,212,34.866894,138.319451,急ブレーキ,1,"https://www.google.com/maps?q=34.866894,138.31945099"
静岡県,22,焼津市,212,34.854486,138.324019,急ブレーキ,4,"https://www.google.com/maps?q=34.854486,138.324019"
静岡県,22,焼津市,212,34.849138,138.320534,急ブレーキ,1,"https://www.google.com/maps?q=34.849138,138.320534"
静岡県,22,焼津市,212,34.830174,138.301335,急ブレーキ,1,"https://www.google.com/maps?q=34.830174,138.301335"
静岡県,22,焼津市,212,34.877769,138.305926,急ブレーキ,1,"https://www.google.com/maps?q=34.877769,138.305926"
静岡県,22,焼津市,212,34.872963,138.323748,急ブレーキ,2,"https://www.google.com/maps?q=34.872963,138.323748"
静岡県,22,焼津市,212,34.822408,138.324403,急ブレーキ,1,"https://www.google.com/maps?q=34.822408,138.32440299"
静岡県,22,焼津市,212,34.83059,138.325274,急ブレーキ,1,"https://www.google.com/maps?q=34.83059,138.325274"
静岡県,22,焼津市,212,34.836549,138.324209,急ブレーキ,1,"https://www.google.com/maps?q=34.836549,138.324209"
静岡県,22,焼津市,212,34.822956,138.290184,急ブレーキ,1,"https://www.google.com/maps?q=34.822956,138.290184"
静岡県,22,焼津市,212,34.871375,138.322803,急ブレーキ,1,"https://www.google.com/maps?q=34.871375,138.322803"
静岡県,22,焼津市,212,34.867226,138.31819,急ブレーキ,1,"https://www.google.com/maps?q=34.867226,138.31818999"
静岡県,22,焼津市,212,34.805608,138.304426,急ブレーキ,1,"https://www.google.com/maps?q=34.805608,138.304426"
静岡県,22,焼津市,212,34.873748,138.323721,急ブレーキ,1,"https://www.google.com/maps?q=34.873748,138.323721"
静岡県,22,焼津市,212,34.867365,138.324844,急ブレーキ,5,"https://www.google.com/maps?q=34.867365,138.324844"
静岡県,22,焼津市,212,34.867264,138.326729,急ブレーキ,1,"https://www.google.com/maps?q=34.867264,138.326729"
静岡県,22,焼津市,212,34.845945,138.318232,急ブレーキ,1,"https://www.google.com/maps?q=34.845945,138.318232"
静岡県,22,焼津市,212,34.86222699,138.313923,急ブレーキ,1,"https://www.google.com/maps?q=34.86222699,138.31392299"
静岡県,22,焼津市,212,34.842284,138.30183,急ブレーキ,1,"https://www.google.com/maps?q=34.842284,138.30183"
静岡県,22,焼津市,212,34.878834,138.310959,急ブレーキ,1,"https://www.google.com/maps?q=34.878834,138.310959"
静岡県,22,焼津市,212,34.86782,138.324933,急ブレーキ,1,"https://www.google.com/maps?q=34.86782,138.32493299"
静岡県,22,焼津市,212,34.823485,138.31829,急ブレーキ,1,"https://www.google.com/maps?q=34.823485,138.31828999"
静岡県,22,焼津市,212,34.798496,138.302968,急ブレーキ,1,"https://www.google.com/maps?q=34.798496,138.302968"
静岡県,22,焼津市,212,34.823251,138.322241,急ブレーキ,2,"https://www.google.com/maps?q=34.823251,138.322241"
静岡県,22,焼津市,212,34.849248,138.284009,急ブレーキ,1,"https://www.google.com/maps?q=34.849248,138.284009"
静岡県,22,焼津市,212,34.861129,138.282849,急ブレーキ,1,"https://www.google.com/maps?q=34.861129,138.282849"
静岡県,22,焼津市,212,34.877979,138.305653,急ブレーキ,1,"https://www.google.com/maps?q=34.877979,138.305653"
静岡県,22,焼津市,212,34.84931,138.317852,急ブレーキ,1,"https://www.google.com/maps?q=34.84931,138.31785199"
静岡県,22,焼津市,212,34.812669,138.314835,急ブレーキ,1,"https://www.google.com/maps?q=34.812669,138.31483499"
静岡県,22,焼津市,212,34.828248,138.298582,急ブレーキ,1,"https://www.google.com/maps?q=34.828248,138.298582"
静岡県,22,焼津市,212,34.823941,138.324145,急ブレーキ,3,"https://www.google.com/maps?q=34.823941,138.32414499"
静岡県,22,焼津市,212,34.850169,138.317753,急ブレーキ,1,"https://www.google.com/maps?q=34.850169,138.317753"
静岡県,22,焼津市,212,34.844028,138.312466,急ブレーキ,1,"https://www.google.com/maps?q=34.844028,138.312466"
静岡県,22,焼津市,212,34.857152,138.306745,急ブレーキ,1,"https://www.google.com/maps?q=34.857152,138.306745"
静岡県,22,焼津市,212,34.833347,138.300629,急ブレーキ,2,"https://www.google.com/maps?q=34.833347,138.30062899"
静岡県,22,焼津市,212,34.85705,138.318435,急ブレーキ,1,"https://www.google.com/maps?q=34.85705,138.318435"
静岡県,22,焼津市,212,34.82815999,138.298053,急ブレーキ,1,"https://www.google.com/maps?q=34.82815999,138.298053"
静岡県,22,焼津市,212,34.862001,138.286601,急ブレーキ,1,"https://www.google.com/maps?q=34.862001,138.28660099"
静岡県,22,焼津市,212,34.84745499,138.299748,急ブレーキ,2,"https://www.google.com/maps?q=34.84745499,138.299748"
静岡県,22,焼津市,212,34.867431,138.317417,急ブレーキ,2,"https://www.google.com/maps?q=34.867431,138.317417"
静岡県,22,焼津市,212,34.81124,138.268693,急ブレーキ,1,"https://www.google.com/maps?q=34.81124,138.268693"
静岡県,22,焼津市,212,34.87480399,138.299794,急ブレーキ,1,"https://www.google.com/maps?q=34.87480399,138.299794"
静岡県,22,焼津市,212,34.88429,138.322592,急ブレーキ,1,"https://www.google.com/maps?q=34.88429,138.32259199"
静岡県,22,焼津市,212,34.858721,138.318273,急ブレーキ,1,"https://www.google.com/maps?q=34.858721,138.318273"
静岡県,22,焼津市,212,34.86785299,138.31602,急ブレーキ,1,"https://www.google.com/maps?q=34.86785299,138.31602"
静岡県,22,焼津市,212,34.874677,138.302495,急ブレーキ,1,"https://www.google.com/maps?q=34.874677,138.302495"
静岡県,22,焼津市,212,34.811629,138.317341,急ブレーキ,1,"https://www.google.com/maps?q=34.811629,138.317341"
静岡県,22,焼津市,212,34.864666,138.325298,急ブレーキ,1,"https://www.google.com/maps?q=34.864666,138.325298"
静岡県,22,焼津市,212,34.86310799,138.289115,急ブレーキ,1,"https://www.google.com/maps?q=34.86310799,138.289115"
静岡県,22,焼津市,212,34.880572,138.325826,急ブレーキ,1,"https://www.google.com/maps?q=34.880572,138.325826"
静岡県,22,焼津市,212,34.86895599,138.29961,急ブレーキ,3,"https://www.google.com/maps?q=34.86895599,138.29961"
静岡県,22,焼津市,212,34.877479,138.304966,急ブレーキ,1,"https://www.google.com/maps?q=34.877479,138.304966"
静岡県,22,焼津市,212,34.868083,138.322816,急ブレーキ,2,"https://www.google.com/maps?q=34.868083,138.32281599"
静岡県,22,焼津市,212,34.868332,138.321103,急ブレーキ,1,"https://www.google.com/maps?q=34.868332,138.321103"
静岡県,22,焼津市,212,34.858105,138.324441,急ブレーキ,1,"https://www.google.com/maps?q=34.858105,138.324441"
静岡県,22,焼津市,212,34.88810999,138.314484,急ブレーキ,2,"https://www.google.com/maps?q=34.88810999,138.314484"
静岡県,22,焼津市,212,34.810055,138.316166,急ブレーキ,2,"https://www.google.com/maps?q=34.810055,138.316166"
静岡県,22,焼津市,212,34.842911,138.325823,急ブレーキ,1,"https://www.google.com/maps?q=34.842911,138.325823"
静岡県,22,焼津市,212,34.854428,138.311411,急ブレーキ,1,"https://www.google.com/maps?q=34.854428,138.311411"
静岡県,22,焼津市,212,34.848565,138.322533,急ブレーキ,3,"https://www.google.com/maps?q=34.848565,138.322533"
静岡県,22,焼津市,212,34.858282,138.28243,急ブレーキ,1,"https://www.google.com/maps?q=34.858282,138.28243"
静岡県,22,焼津市,212,34.876207,138.315793,急ブレーキ,1,"https://www.google.com/maps?q=34.876207,138.315793"
静岡県,22,焼津市,212,34.870043,138.323902,急ブレーキ,1,"https://www.google.com/maps?q=34.870043,138.323902"
静岡県,22,焼津市,212,34.793511,138.274647,急ブレーキ,1,"https://www.google.com/maps?q=34.793511,138.27464699"
静岡県,22,焼津市,212,34.853731,138.304662,急ブレーキ,1,"https://www.google.com/maps?q=34.853731,138.304662"
静岡県,22,焼津市,212,34.866072,138.322915,急ブレーキ,4,"https://www.google.com/maps?q=34.866072,138.322915"
静岡県,22,焼津市,212,34.862864,138.324816,急ブレーキ,1,"https://www.google.com/maps?q=34.862864,138.324816"
静岡県,22,焼津市,212,34.82526,138.294302,急ブレーキ,1,"https://www.google.com/maps?q=34.82526,138.29430199"
静岡県,22,焼津市,212,34.859338,138.312701,急ブレーキ,1,"https://www.google.com/maps?q=34.859338,138.312701"
静岡県,22,焼津市,212,34.88004699,138.314945,急ブレーキ,2,"https://www.google.com/maps?q=34.88004699,138.314945"
静岡県,22,焼津市,212,34.863058,138.299555,急ブレーキ,1,"https://www.google.com/maps?q=34.863058,138.299555"
静岡県,22,焼津市,212,34.865397,138.292679,急ブレーキ,1,"https://www.google.com/maps?q=34.865397,138.292679"
静岡県,22,焼津市,212,34.86066499,138.318764,急ブレーキ,1,"https://www.google.com/maps?q=34.86066499,138.31876399"
静岡県,22,焼津市,212,34.868722,138.321354,急ブレーキ,1,"https://www.google.com/maps?q=34.868722,138.321354"
静岡県,22,焼津市,212,34.863568,138.319205,急ブレーキ,3,"https://www.google.com/maps?q=34.863568,138.319205"
静岡県,22,焼津市,212,34.873002,138.313438,急ブレーキ,1,"https://www.google.com/maps?q=34.873002,138.313438"
静岡県,22,焼津市,212,34.818359,138.310063,急ブレーキ,1,"https://www.google.com/maps?q=34.818359,138.310063"
静岡県,22,焼津市,212,34.862567,138.307225,急ブレーキ,1,"https://www.google.com/maps?q=34.862567,138.30722499"
静岡県,22,焼津市,212,34.876695,138.302055,急ブレーキ,1,"https://www.google.com/maps?q=34.876695,138.302055"
静岡県,22,焼津市,212,34.834642,138.324742,急ブレーキ,2,"https://www.google.com/maps?q=34.834642,138.32474199"
静岡県,22,焼津市,212,34.863812,138.316273,急ブレーキ,1,"https://www.google.com/maps?q=34.863812,138.316273"
静岡県,22,焼津市,212,34.878019,138.305658,急ブレーキ,1,"https://www.google.com/maps?q=34.878019,138.305658"
静岡県,22,焼津市,212,34.863872,138.314397,急ブレーキ,2,"https://www.google.com/maps?q=34.863872,138.314397"
静岡県,22,焼津市,212,34.862478,138.307247,急ブレーキ,1,"https://www.google.com/maps?q=34.862478,138.30724699"
静岡県,22,焼津市,212,34.806602,138.253648,急ブレーキ,1,"https://www.google.com/maps?q=34.806602,138.253648"
静岡県,22,焼津市,212,34.861011,138.281416,急ブレーキ,1,"https://www.google.com/maps?q=34.861011,138.281416"
静岡県,22,焼津市,212,34.842885,138.312117,急ブレーキ,1,"https://www.google.com/maps?q=34.842885,138.312117"
静岡県,22,焼津市,212,34.874164,138.299474,急ブレーキ,1,"https://www.google.com/maps?q=34.874164,138.299474"
静岡県,22,焼津市,212,34.827661,138.310854,急ブレーキ,1,"https://www.google.com/maps?q=34.827661,138.310854"
静岡県,22,焼津市,212,34.843145,138.323041,急ブレーキ,1,"https://www.google.com/maps?q=34.843145,138.32304099"
静岡県,22,焼津市,212,34.83302,138.333562,急ブレーキ,1,"https://www.google.com/maps?q=34.83302,138.333562"
静岡県,22,焼津市,212,34.868038,138.314716,急ブレーキ,1,"https://www.google.com/maps?q=34.868038,138.314716"
静岡県,22,焼津市,212,34.867347,138.320535,急ブレーキ,1,"https://www.google.com/maps?q=34.867347,138.320535"
静岡県,22,焼津市,212,34.847307,138.299758,急ブレーキ,1,"https://www.google.com/maps?q=34.847307,138.299758"
静岡県,22,焼津市,212,34.862399,138.319227,急ブレーキ,2,"https://www.google.com/maps?q=34.862399,138.319227"
静岡県,22,焼津市,212,34.869487,138.323904,急ブレーキ,1,"https://www.google.com/maps?q=34.869487,138.323904"
静岡県,22,焼津市,212,34.862544,138.325586,急ブレーキ,1,"https://www.google.com/maps?q=34.862544,138.32558599"
静岡県,22,焼津市,212,34.846838,138.29979,急ブレーキ,2,"https://www.google.com/maps?q=34.846838,138.29979"
静岡県,22,焼津市,212,34.79152899,138.30504,急ブレーキ,1,"https://www.google.com/maps?q=34.79152899,138.30504"
静岡県,22,焼津市,212,34.866109,138.322932,急ブレーキ,1,"https://www.google.com/maps?q=34.866109,138.322932"
静岡県,22,焼津市,212,34.871912,138.323067,急ブレーキ,1,"https://www.google.com/maps?q=34.871912,138.323067"
静岡県,22,焼津市,212,34.830875,138.300852,急ブレーキ,1,"https://www.google.com/maps?q=34.830875,138.300852"
静岡県,22,焼津市,212,34.829745,138.318095,急ブレーキ,1,"https://www.google.com/maps?q=34.829745,138.318095"
静岡県,22,焼津市,212,34.832485,138.325108,急ブレーキ,2,"https://www.google.com/maps?q=34.832485,138.325108"
静岡県,22,焼津市,212,34.885688,138.307799,急ブレーキ,1,"https://www.google.com/maps?q=34.885688,138.30779899"
静岡県,22,焼津市,212,34.880529,138.306656,急ブレーキ,1,"https://www.google.com/maps?q=34.880529,138.306656"
静岡県,22,焼津市,212,34.864312,138.306998,急ブレーキ,1,"https://www.google.com/maps?q=34.864312,138.306998"
静岡県,22,焼津市,212,34.885257,138.323648,急ブレーキ,1,"https://www.google.com/maps?q=34.885257,138.323648"
静岡県,22,焼津市,212,34.880221,138.315609,急ブレーキ,1,"https://www.google.com/maps?q=34.880221,138.315609"
静岡県,22,焼津市,212,34.877366,138.304074,急ブレーキ,1,"https://www.google.com/maps?q=34.877366,138.304074"
静岡県,22,焼津市,212,34.844428,138.325605,急ブレーキ,1,"https://www.google.com/maps?q=34.844428,138.325605"
静岡県,22,焼津市,212,34.852348,138.310874,急ブレーキ,1,"https://www.google.com/maps?q=34.852348,138.310874"
静岡県,22,焼津市,212,34.86401699,138.309443,急ブレーキ,1,"https://www.google.com/maps?q=34.86401699,138.30944299"
静岡県,22,焼津市,212,34.87760999,138.305296,急ブレーキ,1,"https://www.google.com/maps?q=34.87760999,138.305296"
静岡県,22,焼津市,212,34.788268,138.299523,急ブレーキ,1,"https://www.google.com/maps?q=34.788268,138.299523"
静岡県,22,焼津市,212,34.819032,138.301921,急ブレーキ,1,"https://www.google.com/maps?q=34.819032,138.301921"
静岡県,22,焼津市,212,34.85407699,138.317249,急ブレーキ,1,"https://www.google.com/maps?q=34.85407699,138.317249"
静岡県,22,焼津市,212,34.79966499,138.312217,急ブレーキ,1,"https://www.google.com/maps?q=34.79966499,138.312217"
静岡県,22,焼津市,212,34.84465999,138.322755,急ブレーキ,1,"https://www.google.com/maps?q=34.84465999,138.322755"
静岡県,22,焼津市,212,34.84998,138.317777,急ブレーキ,1,"https://www.google.com/maps?q=34.84998,138.317777"
静岡県,22,焼津市,212,34.850518,138.289169,急ブレーキ,1,"https://www.google.com/maps?q=34.850518,138.28916899"
静岡県,22,焼津市,212,34.86079199,138.287129,急ブレーキ,1,"https://www.google.com/maps?q=34.86079199,138.287129"
静岡県,22,焼津市,212,34.86385099,138.315075,急ブレーキ,1,"https://www.google.com/maps?q=34.86385099,138.315075"
静岡県,22,焼津市,212,34.857037,138.300704,急ブレーキ,2,"https://www.google.com/maps?q=34.857037,138.300704"
静岡県,22,焼津市,212,34.882285,138.319966,急ブレーキ,1,"https://www.google.com/maps?q=34.882285,138.319966"
静岡県,22,焼津市,212,34.869074,138.323767,急ブレーキ,2,"https://www.google.com/maps?q=34.869074,138.323767"
静岡県,22,焼津市,212,34.880876,138.305406,急ブレーキ,1,"https://www.google.com/maps?q=34.880876,138.305406"
静岡県,22,焼津市,212,34.80345899,138.301145,急ブレーキ,1,"https://www.google.com/maps?q=34.80345899,138.301145"
静岡県,22,焼津市,212,34.865484,138.28313,急ブレーキ,1,"https://www.google.com/maps?q=34.865484,138.28313"
静岡県,22,焼津市,212,34.877747,138.30584,急ブレーキ,1,"https://www.google.com/maps?q=34.877747,138.30583999"
静岡県,22,焼津市,212,34.80576099,138.278727,急ブレーキ,1,"https://www.google.com/maps?q=34.80576099,138.278727"
静岡県,22,焼津市,212,34.86951899,138.321897,急ブレーキ,1,"https://www.google.com/maps?q=34.86951899,138.321897"
静岡県,22,焼津市,212,34.866736,138.326416,急ブレーキ,2,"https://www.google.com/maps?q=34.866736,138.326416"
静岡県,22,焼津市,212,34.88991999,138.331761,急ブレーキ,1,"https://www.google.com/maps?q=34.88991999,138.331761"
静岡県,22,焼津市,212,34.85893699,138.288249,急ブレーキ,1,"https://www.google.com/maps?q=34.85893699,138.288249"
静岡県,22,焼津市,212,34.873154,138.325971,急ブレーキ,1,"https://www.google.com/maps?q=34.873154,138.325971"
静岡県,22,焼津市,212,34.867455,138.32486,急ブレーキ,4,"https://www.google.com/maps?q=34.867455,138.32486"
静岡県,22,焼津市,212,34.873871,138.323729,急ブレーキ,1,"https://www.google.com/maps?q=34.873871,138.32372899"
静岡県,22,焼津市,212,34.85857699,138.286852,急ブレーキ,1,"https://www.google.com/maps?q=34.85857699,138.286852"
静岡県,22,焼津市,212,34.8491,138.32268,急ブレーキ,1,"https://www.google.com/maps?q=34.8491,138.32268"
静岡県,22,焼津市,212,34.818863,138.309106,急ブレーキ,1,"https://www.google.com/maps?q=34.818863,138.309106"
静岡県,22,焼津市,212,34.799477,138.303987,急ブレーキ,1,"https://www.google.com/maps?q=34.799477,138.303987"
静岡県,22,焼津市,212,34.80983599,138.289838,急ブレーキ,1,"https://www.google.com/maps?q=34.80983599,138.289838"
静岡県,22,焼津市,212,34.825338,138.319164,急ブレーキ,1,"https://www.google.com/maps?q=34.825338,138.319164"
静岡県,22,焼津市,212,34.831017,138.325226,急ブレーキ,1,"https://www.google.com/maps?q=34.831017,138.32522599"
静岡県,22,焼津市,212,34.857436,138.325525,急ブレーキ,1,"https://www.google.com/maps?q=34.857436,138.325525"
静岡県,22,焼津市,212,34.88311,138.321181,急ブレーキ,1,"https://www.google.com/maps?q=34.88311,138.321181"
静岡県,22,焼津市,212,34.86809499,138.316485,急ブレーキ,1,"https://www.google.com/maps?q=34.86809499,138.316485"
静岡県,22,焼津市,212,34.85167899,138.325053,急ブレーキ,7,"https://www.google.com/maps?q=34.85167899,138.325053"
静岡県,22,焼津市,212,34.84655,138.299812,急ブレーキ,1,"https://www.google.com/maps?q=34.84655,138.299812"
静岡県,22,焼津市,212,34.883146,138.313312,急ブレーキ,1,"https://www.google.com/maps?q=34.883146,138.313312"
静岡県,22,焼津市,212,34.873287,138.315354,急ブレーキ,2,"https://www.google.com/maps?q=34.873287,138.315354"
静岡県,22,焼津市,212,34.782643,138.298656,急ブレーキ,1,"https://www.google.com/maps?q=34.782643,138.298656"
静岡県,22,焼津市,212,34.858548,138.31412,急ブレーキ,1,"https://www.google.com/maps?q=34.858548,138.31412"
静岡県,22,焼津市,212,34.853265,138.283866,急ブレーキ,1,"https://www.google.com/maps?q=34.853265,138.28386599"
静岡県,22,焼津市,212,34.795584,138.300406,急ブレーキ,1,"https://www.google.com/maps?q=34.795584,138.300406"
静岡県,22,焼津市,212,34.844674,138.287308,急ブレーキ,1,"https://www.google.com/maps?q=34.844674,138.287308"
静岡県,22,焼津市,212,34.812036,138.314122,急ブレーキ,1,"https://www.google.com/maps?q=34.812036,138.314122"
静岡県,22,焼津市,212,34.833106,138.306556,急ブレーキ,1,"https://www.google.com/maps?q=34.833106,138.306556"
静岡県,22,焼津市,212,34.881026,138.304869,急ブレーキ,1,"https://www.google.com/maps?q=34.881026,138.304869"
静岡県,22,焼津市,212,34.860039,138.310772,急ブレーキ,1,"https://www.google.com/maps?q=34.860039,138.31077199"
静岡県,22,焼津市,212,34.803742,138.300944,急ブレーキ,1,"https://www.google.com/maps?q=34.803742,138.30094399"
静岡県,22,焼津市,212,34.807418,138.317831,急ブレーキ,1,"https://www.google.com/maps?q=34.807418,138.317831"
静岡県,22,焼津市,212,34.862409,138.289563,急ブレーキ,2,"https://www.google.com/maps?q=34.862409,138.28956299"
静岡県,22,焼津市,212,34.864737,138.325317,急ブレーキ,2,"https://www.google.com/maps?q=34.864737,138.325317"
静岡県,22,焼津市,212,34.879927,138.300403,急ブレーキ,1,"https://www.google.com/maps?q=34.879927,138.30040299"
静岡県,22,焼津市,212,34.86548599,138.288951,急ブレーキ,1,"https://www.google.com/maps?q=34.86548599,138.288951"
静岡県,22,焼津市,212,34.864108,138.285059,急ブレーキ,1,"https://www.google.com/maps?q=34.864108,138.28505899"
静岡県,22,焼津市,212,34.859036,138.314615,急ブレーキ,1,"https://www.google.com/maps?q=34.859036,138.314615"
静岡県,22,焼津市,212,34.876785,138.304206,急ブレーキ,1,"https://www.google.com/maps?q=34.876785,138.304206"
静岡県,22,焼津市,212,34.877146,138.302366,急ブレーキ,1,"https://www.google.com/maps?q=34.877146,138.302366"
静岡県,22,焼津市,212,34.85431599,138.324205,急ブレーキ,1,"https://www.google.com/maps?q=34.85431599,138.324205"
静岡県,22,焼津市,212,34.857297,138.324468,急ブレーキ,1,"https://www.google.com/maps?q=34.857297,138.324468"
静岡県,22,焼津市,212,34.866762,138.325846,急ブレーキ,2,"https://www.google.com/maps?q=34.866762,138.325846"
静岡県,22,焼津市,212,34.86726,138.324882,急ブレーキ,1,"https://www.google.com/maps?q=34.86726,138.324882"
静岡県,22,焼津市,212,34.866887,138.325995,急ブレーキ,1,"https://www.google.com/maps?q=34.866887,138.325995"
静岡県,22,焼津市,212,34.87391,138.317307,急ブレーキ,1,"https://www.google.com/maps?q=34.87391,138.317307"
静岡県,22,焼津市,212,34.861654,138.30606,急ブレーキ,1,"https://www.google.com/maps?q=34.861654,138.30606"
静岡県,22,焼津市,212,34.85949,138.301339,急ブレーキ,2,"https://www.google.com/maps?q=34.85949,138.301339"
静岡県,22,焼津市,212,34.87278,138.324137,急ブレーキ,6,"https://www.google.com/maps?q=34.87278,138.324137"
静岡県,22,焼津市,212,34.870368,138.323819,急ブレーキ,3,"https://www.google.com/maps?q=34.870368,138.32381899"
静岡県,22,焼津市,212,34.868698,138.299931,急ブレーキ,2,"https://www.google.com/maps?q=34.868698,138.29993099"
静岡県,22,焼津市,212,34.86251399,138.325773,急ブレーキ,1,"https://www.google.com/maps?q=34.86251399,138.325773"
静岡県,22,焼津市,212,34.867302,138.324642,急ブレーキ,1,"https://www.google.com/maps?q=34.867302,138.324642"
静岡県,22,焼津市,212,34.868465,138.310768,急ブレーキ,1,"https://www.google.com/maps?q=34.868465,138.310768"
静岡県,22,焼津市,212,34.86224099,138.300891,急ブレーキ,1,"https://www.google.com/maps?q=34.86224099,138.300891"
静岡県,22,焼津市,212,34.874587,138.299662,急ブレーキ,1,"https://www.google.com/maps?q=34.874587,138.299662"
静岡県,22,焼津市,212,34.841436,138.317631,急ブレーキ,1,"https://www.google.com/maps?q=34.841436,138.317631"
静岡県,22,焼津市,212,34.85494099,138.30934,急ブレーキ,1,"https://www.google.com/maps?q=34.85494099,138.30934"
静岡県,22,焼津市,212,34.848829,138.322605,急ブレーキ,2,"https://www.google.com/maps?q=34.848829,138.322605"
静岡県,22,焼津市,212,34.87300299,138.325965,急ブレーキ,1,"https://www.google.com/maps?q=34.87300299,138.325965"
静岡県,22,焼津市,212,34.87333799,138.315519,急ブレーキ,1,"https://www.google.com/maps?q=34.87333799,138.315519"
静岡県,22,焼津市,212,34.873451,138.324173,急ブレーキ,1,"https://www.google.com/maps?q=34.873451,138.324173"
静岡県,22,焼津市,212,34.880476,138.315015,急ブレーキ,1,"https://www.google.com/maps?q=34.880476,138.31501499"
静岡県,22,焼津市,212,34.806405,138.317492,急ブレーキ,1,"https://www.google.com/maps?q=34.806405,138.31749199"
静岡県,22,焼津市,212,34.868316,138.321628,急ブレーキ,1,"https://www.google.com/maps?q=34.868316,138.321628"
静岡県,22,焼津市,212,34.85819999,138.318162,急ブレーキ,1,"https://www.google.com/maps?q=34.85819999,138.318162"
静岡県,22,焼津市,212,34.84247899,138.292975,急ブレーキ,1,"https://www.google.com/maps?q=34.84247899,138.292975"
静岡県,22,焼津市,212,34.867206,138.320474,急ブレーキ,1,"https://www.google.com/maps?q=34.867206,138.32047399"
静岡県,22,焼津市,212,34.788451,138.290676,急ブレーキ,1,"https://www.google.com/maps?q=34.788451,138.290676"
静岡県,22,焼津市,212,34.78790399,138.291547,急ブレーキ,1,"https://www.google.com/maps?q=34.78790399,138.291547"
静岡県,22,焼津市,212,34.86309099,138.314299,急ブレーキ,1,"https://www.google.com/maps?q=34.86309099,138.314299"
静岡県,22,焼津市,212,34.867663,138.31668,急ブレーキ,1,"https://www.google.com/maps?q=34.867663,138.31668"
静岡県,22,焼津市,212,34.86345699,138.300939,急ブレーキ,1,"https://www.google.com/maps?q=34.86345699,138.300939"
静岡県,22,焼津市,212,34.834497,138.311724,急ブレーキ,1,"https://www.google.com/maps?q=34.834497,138.311724"
静岡県,22,焼津市,212,34.857565,138.324457,急ブレーキ,1,"https://www.google.com/maps?q=34.857565,138.324457"
静岡県,22,焼津市,212,34.863856,138.314864,急ブレーキ,1,"https://www.google.com/maps?q=34.863856,138.314864"
静岡県,22,焼津市,212,34.837361,138.313102,急ブレーキ,2,"https://www.google.com/maps?q=34.837361,138.31310199"
静岡県,22,焼津市,212,34.835155,138.3177,急ブレーキ,1,"https://www.google.com/maps?q=34.835155,138.3177"
静岡県,22,焼津市,212,34.879271,138.329261,急ブレーキ,1,"https://www.google.com/maps?q=34.879271,138.329261"
静岡県,22,焼津市,212,34.851123,138.324096,急ブレーキ,1,"https://www.google.com/maps?q=34.851123,138.324096"
静岡県,22,焼津市,212,34.86643999,138.323092,急ブレーキ,1,"https://www.google.com/maps?q=34.86643999,138.323092"
静岡県,22,焼津市,212,34.799165,138.273617,急ブレーキ,1,"https://www.google.com/maps?q=34.799165,138.273617"
静岡県,22,焼津市,212,34.86782,138.316142,急ブレーキ,1,"https://www.google.com/maps?q=34.86782,138.316142"
静岡県,22,焼津市,212,34.845732,138.318059,急ブレーキ,1,"https://www.google.com/maps?q=34.845732,138.318059"
静岡県,22,焼津市,212,34.861355,138.28312,急ブレーキ,1,"https://www.google.com/maps?q=34.861355,138.28312"
静岡県,22,焼津市,212,34.853855,138.304134,急ブレーキ,1,"https://www.google.com/maps?q=34.853855,138.304134"
静岡県,22,焼津市,212,34.859237,138.301138,急ブレーキ,1,"https://www.google.com/maps?q=34.859237,138.301138"
静岡県,22,焼津市,212,34.871992,138.294877,急ブレーキ,1,"https://www.google.com/maps?q=34.871992,138.294877"
静岡県,22,焼津市,212,34.874992,138.296085,急ブレーキ,1,"https://www.google.com/maps?q=34.874992,138.296085"
静岡県,22,焼津市,212,34.796028,138.309073,急ブレーキ,1,"https://www.google.com/maps?q=34.796028,138.309073"
静岡県,22,焼津市,212,34.846986,138.295915,急ブレーキ,1,"https://www.google.com/maps?q=34.846986,138.295915"
静岡県,22,焼津市,212,34.780315,138.297554,急ブレーキ,1,"https://www.google.com/maps?q=34.780315,138.297554"
静岡県,22,焼津市,212,34.862831,138.323851,急ブレーキ,1,"https://www.google.com/maps?q=34.862831,138.323851"
静岡県,22,焼津市,212,34.867519,138.317121,急ブレーキ,2,"https://www.google.com/maps?q=34.867519,138.31712099"
静岡県,22,焼津市,212,34.853406,138.287609,急ブレーキ,1,"https://www.google.com/maps?q=34.853406,138.287609"
静岡県,22,焼津市,212,34.845166,138.287776,急ブレーキ,1,"https://www.google.com/maps?q=34.845166,138.287776"
静岡県,22,焼津市,212,34.871853,138.315828,急ブレーキ,1,"https://www.google.com/maps?q=34.871853,138.315828"
静岡県,22,焼津市,212,34.858322,138.288354,急ブレーキ,1,"https://www.google.com/maps?q=34.858322,138.288354"
静岡県,22,焼津市,212,34.882244,138.295299,急ブレーキ,1,"https://www.google.com/maps?q=34.882244,138.295299"
静岡県,22,焼津市,212,34.865116,138.325183,急ブレーキ,1,"https://www.google.com/maps?q=34.865116,138.325183"
静岡県,22,焼津市,212,34.866845,138.325865,急ブレーキ,3,"https://www.google.com/maps?q=34.866845,138.325865"
静岡県,22,焼津市,212,34.840487,138.323432,急ブレーキ,1,"https://www.google.com/maps?q=34.840487,138.323432"
静岡県,22,焼津市,212,34.853127,138.288823,急ブレーキ,1,"https://www.google.com/maps?q=34.853127,138.288823"
静岡県,22,焼津市,212,34.865354,138.283627,急ブレーキ,1,"https://www.google.com/maps?q=34.865354,138.283627"
静岡県,22,焼津市,212,34.833261,138.318117,急ブレーキ,1,"https://www.google.com/maps?q=34.833261,138.318117"
静岡県,22,焼津市,212,34.842486,138.300049,急ブレーキ,1,"https://www.google.com/maps?q=34.842486,138.300049"
静岡県,22,焼津市,212,34.862336,138.324709,急ブレーキ,1,"https://www.google.com/maps?q=34.862336,138.324709"
静岡県,22,焼津市,212,34.871049,138.322638,急ブレーキ,1,"https://www.google.com/maps?q=34.871049,138.322638"
静岡県,22,焼津市,212,34.858056,138.303785,急ブレーキ,1,"https://www.google.com/maps?q=34.858056,138.303785"
静岡県,22,焼津市,212,34.81597,138.266653,急ブレーキ,1,"https://www.google.com/maps?q=34.81597,138.266653"
静岡県,22,焼津市,212,34.808024,138.313759,急ブレーキ,1,"https://www.google.com/maps?q=34.808024,138.313759"
静岡県,22,焼津市,212,34.874829,138.29981,急ブレーキ,2,"https://www.google.com/maps?q=34.874829,138.29981"
静岡県,22,焼津市,212,34.84861999,138.322547,急ブレーキ,1,"https://www.google.com/maps?q=34.84861999,138.32254699"
静岡県,22,焼津市,212,34.886324,138.324713,急ブレーキ,1,"https://www.google.com/maps?q=34.886324,138.324713"
静岡県,22,焼津市,212,34.863435,138.303036,急ブレーキ,1,"https://www.google.com/maps?q=34.863435,138.303036"
静岡県,22,焼津市,212,34.801135,138.305515,急ブレーキ,1,"https://www.google.com/maps?q=34.801135,138.305515"
静岡県,22,焼津市,212,34.873812,138.314731,急ブレーキ,1,"https://www.google.com/maps?q=34.873812,138.314731"
静岡県,22,焼津市,212,34.863804,138.319508,急ブレーキ,2,"https://www.google.com/maps?q=34.863804,138.319508"
静岡県,22,焼津市,212,34.871726,138.324119,急ブレーキ,1,"https://www.google.com/maps?q=34.871726,138.324119"
静岡県,22,焼津市,212,34.862122,138.307069,急ブレーキ,1,"https://www.google.com/maps?q=34.862122,138.307069"
静岡県,22,焼津市,212,34.827079,138.301401,急ブレーキ,1,"https://www.google.com/maps?q=34.827079,138.301401"
静岡県,22,焼津市,212,34.828646,138.325453,急ブレーキ,1,"https://www.google.com/maps?q=34.828646,138.325453"
静岡県,22,焼津市,212,34.88051,138.314988,急ブレーキ,1,"https://www.google.com/maps?q=34.88051,138.314988"
静岡県,22,焼津市,212,34.86580699,138.315485,急ブレーキ,1,"https://www.google.com/maps?q=34.86580699,138.315485"
静岡県,22,焼津市,212,34.823029,138.304603,急ブレーキ,1,"https://www.google.com/maps?q=34.823029,138.30460299"
静岡県,22,焼津市,212,34.878101,138.311399,急ブレーキ,1,"https://www.google.com/maps?q=34.878101,138.311399"
静岡県,22,焼津市,212,34.831953,138.329957,急ブレーキ,1,"https://www.google.com/maps?q=34.831953,138.329957"
静岡県,22,焼津市,212,34.86396899,138.311651,急ブレーキ,1,"https://www.google.com/maps?q=34.86396899,138.311651"
静岡県,22,焼津市,212,34.845808,138.322548,急ブレーキ,1,"https://www.google.com/maps?q=34.845808,138.322548"
静岡県,22,焼津市,212,34.856868,138.317872,急ブレーキ,1,"https://www.google.com/maps?q=34.856868,138.317872"
静岡県,22,焼津市,212,34.85464799,138.309237,急ブレーキ,1,"https://www.google.com/maps?q=34.85464799,138.309237"
静岡県,22,焼津市,212,34.888442,138.300162,急ブレーキ,1,"https://www.google.com/maps?q=34.888442,138.300162"
静岡県,22,焼津市,212,34.848785,138.312646,急ブレーキ,1,"https://www.google.com/maps?q=34.848785,138.312646"
静岡県,22,焼津市,212,34.833348,138.305377,急ブレーキ,1,"https://www.google.com/maps?q=34.833348,138.305377"
静岡県,22,焼津市,212,34.82926299,138.301103,急ブレーキ,1,"https://www.google.com/maps?q=34.82926299,138.301103"
静岡県,22,焼津市,212,34.862622,138.325138,急ブレーキ,1,"https://www.google.com/maps?q=34.862622,138.325138"
静岡県,22,焼津市,212,34.88076499,138.314757,急ブレーキ,1,"https://www.google.com/maps?q=34.88076499,138.31475699"
静岡県,22,焼津市,212,34.879185,138.303789,急ブレーキ,1,"https://www.google.com/maps?q=34.879185,138.303789"
静岡県,22,焼津市,212,34.846492,138.322437,急ブレーキ,2,"https://www.google.com/maps?q=34.846492,138.322437"
静岡県,22,焼津市,212,34.84328,138.323018,急ブレーキ,1,"https://www.google.com/maps?q=34.84328,138.323018"
静岡県,22,焼津市,212,34.800713,138.289583,急ブレーキ,1,"https://www.google.com/maps?q=34.800713,138.289583"
静岡県,22,焼津市,212,34.794759,138.299317,急ブレーキ,1,"https://www.google.com/maps?q=34.794759,138.299317"
静岡県,22,焼津市,212,34.836456,138.324237,急ブレーキ,2,"https://www.google.com/maps?q=34.836456,138.324237"
静岡県,22,焼津市,212,34.863529,138.326003,急ブレーキ,1,"https://www.google.com/maps?q=34.863529,138.32600299"
静岡県,22,焼津市,212,34.871521,138.322875,急ブレーキ,1,"https://www.google.com/maps?q=34.871521,138.322875"
静岡県,22,焼津市,212,34.82356,138.322549,急ブレーキ,1,"https://www.google.com/maps?q=34.82356,138.322549"
静岡県,22,焼津市,212,34.83559,138.317744,急ブレーキ,1,"https://www.google.com/maps?q=34.83559,138.317744"
静岡県,22,焼津市,212,34.834528,138.311725,急ブレーキ,2,"https://www.google.com/maps?q=34.834528,138.311725"
静岡県,22,焼津市,212,34.83696299,138.324087,急ブレーキ,2,"https://www.google.com/maps?q=34.83696299,138.324087"
静岡県,22,焼津市,212,34.871077,138.301925,急ブレーキ,1,"https://www.google.com/maps?q=34.871077,138.301925"
静岡県,22,焼津市,212,34.823554,138.322432,急ブレーキ,1,"https://www.google.com/maps?q=34.823554,138.322432"
静岡県,22,焼津市,212,34.845947,138.322526,急ブレーキ,1,"https://www.google.com/maps?q=34.845947,138.322526"
静岡県,22,焼津市,212,34.889709,138.311027,急ブレーキ,1,"https://www.google.com/maps?q=34.889709,138.311027"
静岡県,22,焼津市,212,34.87665899,138.301984,急ブレーキ,1,"https://www.google.com/maps?q=34.87665899,138.301984"
静岡県,22,焼津市,212,34.848796,138.315581,急ブレーキ,1,"https://www.google.com/maps?q=34.848796,138.315581"
静岡県,22,焼津市,212,34.803324,138.285609,急ブレーキ,1,"https://www.google.com/maps?q=34.803324,138.285609"
静岡県,22,焼津市,212,34.872252,138.311114,急ブレーキ,1,"https://www.google.com/maps?q=34.872252,138.311114"
静岡県,22,焼津市,212,34.863693,138.317638,急ブレーキ,1,"https://www.google.com/maps?q=34.863693,138.31763799"
静岡県,22,焼津市,212,34.859415,138.31248,急ブレーキ,1,"https://www.google.com/maps?q=34.859415,138.31248"
静岡県,22,焼津市,212,34.832126,138.325269,急ブレーキ,1,"https://www.google.com/maps?q=34.832126,138.325269"
静岡県,22,焼津市,212,34.804688,138.284086,急ブレーキ,1,"https://www.google.com/maps?q=34.804688,138.284086"
静岡県,22,焼津市,212,34.790072,138.295398,急ブレーキ,1,"https://www.google.com/maps?q=34.790072,138.295398"
静岡県,22,焼津市,212,34.79777399,138.297422,急ブレーキ,1,"https://www.google.com/maps?q=34.79777399,138.297422"
静岡県,22,焼津市,212,34.802649,138.302226,急ブレーキ,1,"https://www.google.com/maps?q=34.802649,138.30222599"
静岡県,22,焼津市,212,34.807692,138.304164,急ブレーキ,1,"https://www.google.com/maps?q=34.807692,138.30416399"
静岡県,22,焼津市,212,34.869019,138.315648,急ブレーキ,1,"https://www.google.com/maps?q=34.869019,138.315648"
静岡県,22,焼津市,212,34.79143599,138.304629,急ブレーキ,1,"https://www.google.com/maps?q=34.79143599,138.304629"
静岡県,22,焼津市,212,34.832769,138.318188,急ブレーキ,1,"https://www.google.com/maps?q=34.832769,138.318188"
静岡県,22,焼津市,212,34.868076,138.288452,急ブレーキ,1,"https://www.google.com/maps?q=34.868076,138.288452"
静岡県,22,焼津市,212,34.882343,138.320783,急ブレーキ,1,"https://www.google.com/maps?q=34.882343,138.320783"
静岡県,22,焼津市,212,34.842677,138.308159,急ブレーキ,1,"https://www.google.com/maps?q=34.842677,138.30815899"
静岡県,22,焼津市,212,34.85117,138.324188,急ブレーキ,1,"https://www.google.com/maps?q=34.85117,138.324188"
静岡県,22,焼津市,212,34.882156,138.319937,急ブレーキ,1,"https://www.google.com/maps?q=34.882156,138.319937"
静岡県,22,焼津市,212,34.882358,138.320676,急ブレーキ,2,"https://www.google.com/maps?q=34.882358,138.320676"
静岡県,22,焼津市,212,34.87303,138.323799,急ブレーキ,1,"https://www.google.com/maps?q=34.87303,138.323799"
静岡県,22,焼津市,212,34.85523899,138.309426,急ブレーキ,2,"https://www.google.com/maps?q=34.85523899,138.309426"
静岡県,22,焼津市,212,34.846868,138.291349,急ブレーキ,1,"https://www.google.com/maps?q=34.846868,138.291349"
静岡県,22,焼津市,212,34.85577399,138.288591,急ブレーキ,1,"https://www.google.com/maps?q=34.85577399,138.288591"
静岡県,22,焼津市,212,34.861432,138.300966,急ブレーキ,1,"https://www.google.com/maps?q=34.861432,138.30096599"
静岡県,22,焼津市,212,34.870409,138.314745,急ブレーキ,1,"https://www.google.com/maps?q=34.870409,138.31474499"
静岡県,22,焼津市,212,34.84310399,138.312439,急ブレーキ,1,"https://www.google.com/maps?q=34.84310399,138.312439"
静岡県,22,焼津市,212,34.83733,138.307225,急ブレーキ,1,"https://www.google.com/maps?q=34.83733,138.30722499"
静岡県,22,焼津市,212,34.853355,138.306274,急ブレーキ,1,"https://www.google.com/maps?q=34.853355,138.306274"
静岡県,22,焼津市,212,34.821388,138.323333,急ブレーキ,1,"https://www.google.com/maps?q=34.821388,138.323333"
静岡県,22,焼津市,212,34.82065999,138.307157,急ブレーキ,1,"https://www.google.com/maps?q=34.82065999,138.30715699"
静岡県,22,焼津市,212,34.82672,138.30152,急ブレーキ,1,"https://www.google.com/maps?q=34.82672,138.30152"
静岡県,22,焼津市,212,34.873899,138.314573,急ブレーキ,1,"https://www.google.com/maps?q=34.873899,138.314573"
静岡県,22,焼津市,212,34.872785,138.324288,急ブレーキ,1,"https://www.google.com/maps?q=34.872785,138.324288"
静岡県,22,焼津市,212,34.880359,138.315112,急ブレーキ,1,"https://www.google.com/maps?q=34.880359,138.315112"
静岡県,22,焼津市,212,34.833368,138.305266,急ブレーキ,1,"https://www.google.com/maps?q=34.833368,138.30526599"
静岡県,22,焼津市,212,34.863237,138.301182,急ブレーキ,1,"https://www.google.com/maps?q=34.863237,138.301182"
静岡県,22,焼津市,212,34.842242,138.300666,急ブレーキ,1,"https://www.google.com/maps?q=34.842242,138.300666"
静岡県,22,焼津市,212,34.83938899,138.295392,急ブレーキ,1,"https://www.google.com/maps?q=34.83938899,138.295392"
静岡県,22,焼津市,212,34.866763,138.323081,急ブレーキ,1,"https://www.google.com/maps?q=34.866763,138.323081"
静岡県,22,焼津市,212,34.871161,138.322696,急ブレーキ,1,"https://www.google.com/maps?q=34.871161,138.322696"
静岡県,22,焼津市,212,34.866916,138.320367,急ブレーキ,1,"https://www.google.com/maps?q=34.866916,138.320367"
静岡県,22,焼津市,212,34.840138,138.31752,急ブレーキ,1,"https://www.google.com/maps?q=34.840138,138.31752"
静岡県,22,焼津市,212,34.851151,138.32415,急ブレーキ,1,"https://www.google.com/maps?q=34.851151,138.32415"
静岡県,22,焼津市,212,34.845827,138.318068,急ブレーキ,1,"https://www.google.com/maps?q=34.845827,138.318068"
静岡県,22,焼津市,212,34.88949499,138.309894,急ブレーキ,1,"https://www.google.com/maps?q=34.88949499,138.309894"
静岡県,22,焼津市,212,34.84332899,138.323009,急ブレーキ,2,"https://www.google.com/maps?q=34.84332899,138.323009"
静岡県,22,焼津市,212,34.84486299,138.299653,急ブレーキ,1,"https://www.google.com/maps?q=34.84486299,138.299653"
静岡県,22,焼津市,212,34.848989,138.317752,急ブレーキ,1,"https://www.google.com/maps?q=34.848989,138.317752"
静岡県,22,焼津市,212,34.886576,138.32497,急ブレーキ,1,"https://www.google.com/maps?q=34.886576,138.32497"
静岡県,22,焼津市,212,34.883251,138.321363,急ブレーキ,1,"https://www.google.com/maps?q=34.883251,138.321363"
静岡県,22,焼津市,212,34.876026,138.312256,急ブレーキ,1,"https://www.google.com/maps?q=34.876026,138.312256"
静岡県,22,焼津市,212,34.823471,138.304107,急ブレーキ,1,"https://www.google.com/maps?q=34.823471,138.30410699"
静岡県,22,焼津市,212,34.803688,138.301034,急ブレーキ,1,"https://www.google.com/maps?q=34.803688,138.30103399"
静岡県,22,焼津市,212,34.854785,138.309285,急ブレーキ,1,"https://www.google.com/maps?q=34.854785,138.30928499"
静岡県,22,焼津市,212,34.858181,138.313546,急ブレーキ,1,"https://www.google.com/maps?q=34.858181,138.313546"
静岡県,22,焼津市,212,34.792489,138.293991,急ブレーキ,1,"https://www.google.com/maps?q=34.792489,138.293991"
静岡県,22,焼津市,212,34.873112,138.326987,急ブレーキ,1,"https://www.google.com/maps?q=34.873112,138.326987"
静岡県,22,焼津市,212,34.857891,138.324446,急ブレーキ,1,"https://www.google.com/maps?q=34.857891,138.324446"
静岡県,22,焼津市,212,34.863371,138.314422,急ブレーキ,1,"https://www.google.com/maps?q=34.863371,138.314422"
静岡県,22,焼津市,212,34.874986,138.299909,急ブレーキ,1,"https://www.google.com/maps?q=34.874986,138.299909"
静岡県,22,焼津市,212,34.85119,138.324226,急ブレーキ,1,"https://www.google.com/maps?q=34.85119,138.324226"
静岡県,22,焼津市,212,34.86339199,138.320407,急ブレーキ,1,"https://www.google.com/maps?q=34.86339199,138.32040699"
静岡県,22,焼津市,212,34.87780699,138.306076,急ブレーキ,1,"https://www.google.com/maps?q=34.87780699,138.30607599"
静岡県,22,焼津市,212,34.883811,138.29828,急ブレーキ,1,"https://www.google.com/maps?q=34.883811,138.29828"
静岡県,22,焼津市,212,34.83496499,138.306705,急ブレーキ,1,"https://www.google.com/maps?q=34.83496499,138.306705"
静岡県,22,焼津市,212,34.830187,138.300953,急ブレーキ,1,"https://www.google.com/maps?q=34.830187,138.300953"
静岡県,22,焼津市,212,34.84103799,138.326084,急ブレーキ,1,"https://www.google.com/maps?q=34.84103799,138.326084"
静岡県,22,焼津市,212,34.868734,138.280105,急ブレーキ,1,"https://www.google.com/maps?q=34.868734,138.280105"
静岡県,22,焼津市,212,34.87609,138.305866,急ブレーキ,1,"https://www.google.com/maps?q=34.87609,138.305866"
静岡県,22,焼津市,212,34.849805,138.289706,急ブレーキ,1,"https://www.google.com/maps?q=34.849805,138.289706"
静岡県,22,焼津市,212,34.880062,138.315002,急ブレーキ,2,"https://www.google.com/maps?q=34.880062,138.315002"
静岡県,22,焼津市,212,34.850008,138.289433,急ブレーキ,1,"https://www.google.com/maps?q=34.850008,138.289433"
静岡県,22,焼津市,212,34.850056,138.317768,急ブレーキ,1,"https://www.google.com/maps?q=34.850056,138.317768"
静岡県,22,焼津市,212,34.865789,138.300613,急ブレーキ,1,"https://www.google.com/maps?q=34.865789,138.300613"
静岡県,22,焼津市,212,34.879333,138.312134,急ブレーキ,1,"https://www.google.com/maps?q=34.879333,138.31213399"
静岡県,22,焼津市,212,34.827184,138.333787,急ブレーキ,1,"https://www.google.com/maps?q=34.827184,138.333787"
静岡県,22,焼津市,212,34.82329099,138.323942,急ブレーキ,1,"https://www.google.com/maps?q=34.82329099,138.32394199"
静岡県,22,焼津市,212,34.829468,138.301075,急ブレーキ,1,"https://www.google.com/maps?q=34.829468,138.301075"
静岡県,22,焼津市,212,34.827438,138.321187,急ブレーキ,1,"https://www.google.com/maps?q=34.827438,138.321187"
静岡県,22,焼津市,212,34.86902899,138.306509,急ブレーキ,1,"https://www.google.com/maps?q=34.86902899,138.306509"
静岡県,22,焼津市,212,34.868358,138.313325,急ブレーキ,1,"https://www.google.com/maps?q=34.868358,138.313325"
静岡県,22,焼津市,212,34.867885,138.322907,急ブレーキ,1,"https://www.google.com/maps?q=34.867885,138.32290699"
静岡県,22,焼津市,212,34.863692,138.314562,急ブレーキ,2,"https://www.google.com/maps?q=34.863692,138.314562"
静岡県,22,焼津市,212,34.87545999,138.312464,急ブレーキ,2,"https://www.google.com/maps?q=34.87545999,138.312464"
静岡県,22,焼津市,212,34.866056,138.322908,急ブレーキ,2,"https://www.google.com/maps?q=34.866056,138.322908"
静岡県,22,焼津市,212,34.791164,138.304705,急ブレーキ,1,"https://www.google.com/maps?q=34.791164,138.304705"
静岡県,22,焼津市,212,34.84792499,138.299722,急ブレーキ,1,"https://www.google.com/maps?q=34.84792499,138.299722"
静岡県,22,焼津市,212,34.872017,138.319462,急ブレーキ,1,"https://www.google.com/maps?q=34.872017,138.31946199"
静岡県,22,焼津市,212,34.870916,138.308299,急ブレーキ,1,"https://www.google.com/maps?q=34.870916,138.308299"
静岡県,22,焼津市,212,34.86769,138.320704,急ブレーキ,1,"https://www.google.com/maps?q=34.86769,138.320704"
静岡県,22,焼津市,212,34.877997,138.311548,急ブレーキ,1,"https://www.google.com/maps?q=34.877997,138.31154799"
静岡県,22,焼津市,212,34.859861,138.301104,急ブレーキ,1,"https://www.google.com/maps?q=34.859861,138.301104"
静岡県,22,焼津市,212,34.848612,138.323724,急ブレーキ,2,"https://www.google.com/maps?q=34.848612,138.323724"
静岡県,22,焼津市,212,34.844783,138.325431,急ブレーキ,1,"https://www.google.com/maps?q=34.844783,138.325431"
静岡県,22,焼津市,212,34.836135,138.300456,急ブレーキ,1,"https://www.google.com/maps?q=34.836135,138.300456"
静岡県,22,焼津市,212,34.86838199,138.294165,急ブレーキ,1,"https://www.google.com/maps?q=34.86838199,138.294165"
静岡県,22,焼津市,212,34.835118,138.296181,急ブレーキ,1,"https://www.google.com/maps?q=34.835118,138.29618099"
静岡県,22,焼津市,212,34.871999,138.306495,急ブレーキ,1,"https://www.google.com/maps?q=34.871999,138.306495"
静岡県,22,焼津市,212,34.811844,138.309072,急ブレーキ,1,"https://www.google.com/maps?q=34.811844,138.30907199"
静岡県,22,焼津市,212,34.789928,138.300843,急ブレーキ,1,"https://www.google.com/maps?q=34.789928,138.30084299"
静岡県,22,焼津市,212,34.847159,138.302676,急ブレーキ,1,"https://www.google.com/maps?q=34.847159,138.302676"
静岡県,22,焼津市,212,34.851643,138.324996,急ブレーキ,1,"https://www.google.com/maps?q=34.851643,138.324996"
静岡県,22,焼津市,212,34.874058,138.316974,急ブレーキ,1,"https://www.google.com/maps?q=34.874058,138.31697399"
静岡県,22,焼津市,212,34.851626,138.324312,急ブレーキ,1,"https://www.google.com/maps?q=34.851626,138.324312"
静岡県,22,焼津市,212,34.842232,138.30044,急ブレーキ,1,"https://www.google.com/maps?q=34.842232,138.30044"
静岡県,22,焼津市,212,34.841972,138.323214,急ブレーキ,1,"https://www.google.com/maps?q=34.841972,138.323214"
静岡県,22,焼津市,212,34.806084,138.281922,急ブレーキ,1,"https://www.google.com/maps?q=34.806084,138.281922"
静岡県,22,焼津市,212,34.871644,138.322935,急ブレーキ,1,"https://www.google.com/maps?q=34.871644,138.322935"
静岡県,22,焼津市,212,34.851711,138.325103,急ブレーキ,1,"https://www.google.com/maps?q=34.851711,138.325103"
静岡県,22,焼津市,212,34.87077,138.317728,急ブレーキ,1,"https://www.google.com/maps?q=34.87077,138.31772799"
静岡県,22,焼津市,212,34.848247,138.28839,急ブレーキ,1,"https://www.google.com/maps?q=34.848247,138.28839"
静岡県,22,焼津市,212,34.87270199,138.323541,急ブレーキ,1,"https://www.google.com/maps?q=34.87270199,138.323541"
静岡県,22,焼津市,212,34.882928,138.315874,急ブレーキ,1,"https://www.google.com/maps?q=34.882928,138.315874"
静岡県,22,焼津市,212,34.856222,138.317729,急ブレーキ,1,"https://www.google.com/maps?q=34.856222,138.317729"
静岡県,22,焼津市,212,34.84877,138.322589,急ブレーキ,1,"https://www.google.com/maps?q=34.84877,138.322589"
静岡県,22,焼津市,212,34.850534,138.321827,急ブレーキ,1,"https://www.google.com/maps?q=34.850534,138.321827"
静岡県,22,焼津市,212,34.881908,138.315777,急ブレーキ,1,"https://www.google.com/maps?q=34.881908,138.315777"
静岡県,22,焼津市,212,34.863581,138.305558,急ブレーキ,1,"https://www.google.com/maps?q=34.863581,138.305558"
静岡県,22,焼津市,212,34.85471299,138.311076,急ブレーキ,1,"https://www.google.com/maps?q=34.85471299,138.311076"
静岡県,22,焼津市,212,34.847226,138.299763,急ブレーキ,1,"https://www.google.com/maps?q=34.847226,138.299763"
静岡県,22,焼津市,212,34.803156,138.285656,急ブレーキ,1,"https://www.google.com/maps?q=34.803156,138.28565599"
静岡県,22,焼津市,212,34.862347,138.288777,急ブレーキ,1,"https://www.google.com/maps?q=34.862347,138.288777"
静岡県,22,焼津市,212,34.834311,138.324817,急ブレーキ,1,"https://www.google.com/maps?q=34.834311,138.324817"
静岡県,22,焼津市,212,34.814721,138.280127,急ブレーキ,1,"https://www.google.com/maps?q=34.814721,138.280127"
静岡県,22,焼津市,212,34.854189,138.300166,急ブレーキ,1,"https://www.google.com/maps?q=34.854189,138.30016599"
静岡県,22,焼津市,212,34.876395,138.302509,急ブレーキ,1,"https://www.google.com/maps?q=34.876395,138.30250899"
静岡県,22,焼津市,212,34.878811,138.310057,急ブレーキ,2,"https://www.google.com/maps?q=34.878811,138.310057"
静岡県,22,焼津市,212,34.85631699,138.303451,急ブレーキ,1,"https://www.google.com/maps?q=34.85631699,138.303451"
静岡県,22,焼津市,212,34.863782,138.319503,急ブレーキ,1,"https://www.google.com/maps?q=34.863782,138.319503"
静岡県,22,焼津市,212,34.852305,138.317442,急ブレーキ,1,"https://www.google.com/maps?q=34.852305,138.317442"
静岡県,22,焼津市,212,34.84538,138.308409,急ブレーキ,1,"https://www.google.com/maps?q=34.84538,138.308409"
静岡県,22,焼津市,212,34.868814,138.321413,急ブレーキ,1,"https://www.google.com/maps?q=34.868814,138.321413"
静岡県,22,焼津市,212,34.847101,138.29192,急ブレーキ,1,"https://www.google.com/maps?q=34.847101,138.29192"
静岡県,22,焼津市,212,34.866475,138.321027,急ブレーキ,1,"https://www.google.com/maps?q=34.866475,138.32102699"
静岡県,22,焼津市,212,34.81064099,138.310207,急ブレーキ,1,"https://www.google.com/maps?q=34.81064099,138.310207"
静岡県,22,焼津市,212,34.880272,138.315812,急ブレーキ,1,"https://www.google.com/maps?q=34.880272,138.315812"
静岡県,22,焼津市,212,34.835319,138.317372,急ブレーキ,1,"https://www.google.com/maps?q=34.835319,138.317372"
静岡県,22,焼津市,212,34.797373,138.295008,急ブレーキ,1,"https://www.google.com/maps?q=34.797373,138.295008"
静岡県,22,焼津市,212,34.874222,138.299497,急ブレーキ,1,"https://www.google.com/maps?q=34.874222,138.299497"
静岡県,22,焼津市,212,34.861254,138.282632,急ブレーキ,1,"https://www.google.com/maps?q=34.861254,138.282632"
静岡県,22,焼津市,212,34.857939,138.324445,急ブレーキ,1,"https://www.google.com/maps?q=34.857939,138.324445"
静岡県,22,焼津市,212,34.78194899,138.299827,急ブレーキ,1,"https://www.google.com/maps?q=34.78194899,138.299827"
静岡県,22,焼津市,212,34.79081399,138.296053,急ブレーキ,1,"https://www.google.com/maps?q=34.79081399,138.296053"
静岡県,22,焼津市,212,34.885093,138.290939,急ブレーキ,1,"https://www.google.com/maps?q=34.885093,138.290939"
静岡県,22,焼津市,212,34.872987,138.326829,急ブレーキ,1,"https://www.google.com/maps?q=34.872987,138.326829"
静岡県,22,焼津市,212,34.836967,138.309223,急ブレーキ,1,"https://www.google.com/maps?q=34.836967,138.309223"
静岡県,22,焼津市,212,34.83452599,138.325689,急ブレーキ,2,"https://www.google.com/maps?q=34.83452599,138.325689"
静岡県,22,焼津市,212,34.86868299,138.280159,急ブレーキ,1,"https://www.google.com/maps?q=34.86868299,138.280159"
静岡県,22,焼津市,212,34.876887,138.302589,急ブレーキ,1,"https://www.google.com/maps?q=34.876887,138.302589"
静岡県,22,焼津市,212,34.896771,138.296484,急ブレーキ,1,"https://www.google.com/maps?q=34.896771,138.296484"
静岡県,22,焼津市,212,34.868437,138.321382,急ブレーキ,1,"https://www.google.com/maps?q=34.868437,138.321382"
静岡県,22,焼津市,212,34.854823,138.321233,急ブレーキ,1,"https://www.google.com/maps?q=34.854823,138.321233"
静岡県,22,焼津市,212,34.859664,138.288023,急ブレーキ,1,"https://www.google.com/maps?q=34.859664,138.288023"
静岡県,22,焼津市,212,34.89547,138.333954,急ブレーキ,1,"https://www.google.com/maps?q=34.89547,138.333954"
静岡県,22,焼津市,212,34.867221,138.318208,急ブレーキ,1,"https://www.google.com/maps?q=34.867221,138.318208"
静岡県,22,焼津市,212,34.869225,138.316999,急ブレーキ,1,"https://www.google.com/maps?q=34.869225,138.316999"
静岡県,22,焼津市,212,34.866935,138.326029,急ブレーキ,2,"https://www.google.com/maps?q=34.866935,138.326029"
静岡県,22,焼津市,212,34.880055,138.329828,急ブレーキ,1,"https://www.google.com/maps?q=34.880055,138.329828"
静岡県,22,焼津市,212,34.863038,138.299679,急ブレーキ,1,"https://www.google.com/maps?q=34.863038,138.299679"
静岡県,22,焼津市,212,34.86677799,138.320324,急ブレーキ,1,"https://www.google.com/maps?q=34.86677799,138.320324"
静岡県,22,焼津市,212,34.885107,138.290942,急ブレーキ,1,"https://www.google.com/maps?q=34.885107,138.290942"
静岡県,22,焼津市,212,34.869534,138.306744,急ブレーキ,1,"https://www.google.com/maps?q=34.869534,138.306744"
静岡県,22,焼津市,212,34.87119899,138.324166,急ブレーキ,1,"https://www.google.com/maps?q=34.87119899,138.324166"
静岡県,22,焼津市,212,34.866802,138.326671,急ブレーキ,1,"https://www.google.com/maps?q=34.866802,138.326671"
静岡県,22,焼津市,212,34.80993999,138.310981,急ブレーキ,1,"https://www.google.com/maps?q=34.80993999,138.310981"
静岡県,22,焼津市,212,34.87207,138.306488,急ブレーキ,1,"https://www.google.com/maps?q=34.87207,138.306488"
静岡県,22,焼津市,212,34.852625,138.308589,急ブレーキ,1,"https://www.google.com/maps?q=34.852625,138.308589"
静岡県,22,焼津市,212,34.838037,138.280261,急ブレーキ,1,"https://www.google.com/maps?q=34.838037,138.280261"
静岡県,22,焼津市,212,34.875976,138.312274,急ブレーキ,1,"https://www.google.com/maps?q=34.875976,138.312274"
静岡県,22,焼津市,212,34.84572399,138.318058,急ブレーキ,1,"https://www.google.com/maps?q=34.84572399,138.318058"
静岡県,22,焼津市,212,34.86799899,138.322552,急ブレーキ,1,"https://www.google.com/maps?q=34.86799899,138.322552"
静岡県,22,焼津市,212,34.868325,138.313756,急ブレーキ,1,"https://www.google.com/maps?q=34.868325,138.313756"
静岡県,22,焼津市,212,34.863795,138.316463,急ブレーキ,1,"https://www.google.com/maps?q=34.863795,138.316463"
静岡県,22,焼津市,212,34.858503,138.317985,急ブレーキ,1,"https://www.google.com/maps?q=34.858503,138.317985"
静岡県,22,焼津市,212,34.871131,138.323341,急ブレーキ,1,"https://www.google.com/maps?q=34.871131,138.323341"
静岡県,22,焼津市,212,34.87098799,138.324354,急ブレーキ,1,"https://www.google.com/maps?q=34.87098799,138.324354"
静岡県,22,焼津市,212,34.872321,138.324005,急ブレーキ,1,"https://www.google.com/maps?q=34.872321,138.324005"
静岡県,22,焼津市,212,34.876244,138.312176,急ブレーキ,1,"https://www.google.com/maps?q=34.876244,138.312176"
静岡県,22,焼津市,212,34.858345,138.318191,急ブレーキ,1,"https://www.google.com/maps?q=34.858345,138.318191"
静岡県,22,焼津市,212,34.866905,138.319413,急ブレーキ,1,"https://www.google.com/maps?q=34.866905,138.319413"
静岡県,22,焼津市,212,34.85060699,138.320277,急ブレーキ,1,"https://www.google.com/maps?q=34.85060699,138.320277"
静岡県,22,焼津市,212,34.834711,138.306801,急ブレーキ,1,"https://www.google.com/maps?q=34.834711,138.306801"
静岡県,22,焼津市,212,34.865972,138.300607,急ブレーキ,1,"https://www.google.com/maps?q=34.865972,138.300607"
静岡県,22,焼津市,212,34.833154,138.333535,急ブレーキ,1,"https://www.google.com/maps?q=34.833154,138.333535"
静岡県,22,焼津市,212,34.871827,138.320953,急ブレーキ,1,"https://www.google.com/maps?q=34.871827,138.320953"
静岡県,22,焼津市,212,34.865454,138.283511,急ブレーキ,1,"https://www.google.com/maps?q=34.865454,138.283511"
静岡県,22,焼津市,212,34.831964,138.318355,急ブレーキ,1,"https://www.google.com/maps?q=34.831964,138.318355"
静岡県,22,焼津市,212,34.845588,138.308061,急ブレーキ,1,"https://www.google.com/maps?q=34.845588,138.308061"
静岡県,22,焼津市,212,34.865022,138.319805,急ブレーキ,1,"https://www.google.com/maps?q=34.865022,138.319805"
静岡県,22,焼津市,212,34.81094499,138.321058,急ブレーキ,1,"https://www.google.com/maps?q=34.81094499,138.321058"
静岡県,22,焼津市,212,34.846935,138.29633,急ブレーキ,1,"https://www.google.com/maps?q=34.846935,138.29633"
静岡県,22,焼津市,212,34.868605,138.29807,急ブレーキ,1,"https://www.google.com/maps?q=34.868605,138.29807"
静岡県,22,焼津市,212,34.876523,138.315238,急ブレーキ,1,"https://www.google.com/maps?q=34.876523,138.315238"
静岡県,22,焼津市,212,34.833432,138.302143,急ブレーキ,1,"https://www.google.com/maps?q=34.833432,138.302143"
静岡県,22,焼津市,212,34.834184,138.324843,急ブレーキ,1,"https://www.google.com/maps?q=34.834184,138.32484299"
静岡県,22,焼津市,212,34.830627,138.325271,急ブレーキ,1,"https://www.google.com/maps?q=34.830627,138.32527099"
静岡県,22,焼津市,212,34.845636,138.312698,急ブレーキ,1,"https://www.google.com/maps?q=34.845636,138.312698"
静岡県,22,焼津市,212,34.858647,138.317103,急ブレーキ,1,"https://www.google.com/maps?q=34.858647,138.317103"
静岡県,22,焼津市,212,34.862473,138.324734,急ブレーキ,1,"https://www.google.com/maps?q=34.862473,138.324734"
静岡県,22,焼津市,212,34.87493,138.299873,急ブレーキ,1,"https://www.google.com/maps?q=34.87493,138.299873"
静岡県,22,焼津市,212,34.839066,138.317465,急ブレーキ,1,"https://www.google.com/maps?q=34.839066,138.317465"
静岡県,22,焼津市,212,34.863724,138.316221,急ブレーキ,1,"https://www.google.com/maps?q=34.863724,138.316221"
静岡県,22,焼津市,212,34.865674,138.300619,急ブレーキ,1,"https://www.google.com/maps?q=34.865674,138.300619"
静岡県,22,焼津市,212,34.852444,138.317183,急ブレーキ,1,"https://www.google.com/maps?q=34.852444,138.317183"
静岡県,22,焼津市,212,34.839132,138.323622,急ブレーキ,1,"https://www.google.com/maps?q=34.839132,138.323622"
静岡県,22,焼津市,212,34.896913,138.294992,急ブレーキ,1,"https://www.google.com/maps?q=34.896913,138.294992"
静岡県,22,焼津市,212,34.886265,138.324654,急ブレーキ,1,"https://www.google.com/maps?q=34.886265,138.324654"
静岡県,22,焼津市,212,34.871981,138.31933,急ブレーキ,1,"https://www.google.com/maps?q=34.871981,138.31933"
静岡県,22,焼津市,212,34.840068,138.297809,急ブレーキ,1,"https://www.google.com/maps?q=34.840068,138.297809"
静岡県,22,焼津市,212,34.833428,138.295179,急ブレーキ,1,"https://www.google.com/maps?q=34.833428,138.29517899"
静岡県,22,焼津市,212,34.880018,138.29552,急ブレーキ,1,"https://www.google.com/maps?q=34.880018,138.29552"
静岡県,22,焼津市,212,34.80275799,138.302558,急ブレーキ,1,"https://www.google.com/maps?q=34.80275799,138.302558"
静岡県,22,焼津市,212,34.801206,138.305009,急ブレーキ,1,"https://www.google.com/maps?q=34.801206,138.305009"
静岡県,22,焼津市,212,34.859186,138.301138,急ブレーキ,1,"https://www.google.com/maps?q=34.859186,138.301138"
静岡県,22,焼津市,212,34.882662,138.294007,急ブレーキ,1,"https://www.google.com/maps?q=34.882662,138.294007"
静岡県,22,焼津市,212,34.79786699,138.310548,急ブレーキ,1,"https://www.google.com/maps?q=34.79786699,138.310548"
静岡県,22,焼津市,212,34.80495299,138.303641,急ブレーキ,1,"https://www.google.com/maps?q=34.80495299,138.303641"
静岡県,22,焼津市,212,34.833233,138.300638,急ブレーキ,1,"https://www.google.com/maps?q=34.833233,138.300638"
静岡県,22,焼津市,212,34.873039,138.315263,急ブレーキ,1,"https://www.google.com/maps?q=34.873039,138.31526299"
静岡県,22,焼津市,212,34.814116,138.311229,急ブレーキ,1,"https://www.google.com/maps?q=34.814116,138.311229"
静岡県,22,焼津市,212,34.86292799,138.324832,急ブレーキ,1,"https://www.google.com/maps?q=34.86292799,138.32483199"
静岡県,22,焼津市,212,34.858057,138.325514,急ブレーキ,1,"https://www.google.com/maps?q=34.858057,138.325514"
静岡県,22,焼津市,212,34.865318,138.325482,急ブレーキ,1,"https://www.google.com/maps?q=34.865318,138.325482"
静岡県,22,焼津市,212,34.84578,138.315368,急ブレーキ,1,"https://www.google.com/maps?q=34.84578,138.315368"
静岡県,22,焼津市,212,34.817109,138.265267,急ブレーキ,1,"https://www.google.com/maps?q=34.817109,138.265267"
静岡県,22,焼津市,212,34.873677,138.323741,急ブレーキ,1,"https://www.google.com/maps?q=34.873677,138.323741"
静岡県,22,焼津市,212,34.867935,138.322749,急ブレーキ,1,"https://www.google.com/maps?q=34.867935,138.32274899"
静岡県,22,焼津市,212,34.84503,138.312466,急ブレーキ,1,"https://www.google.com/maps?q=34.84503,138.312466"
静岡県,22,焼津市,212,34.842788,138.310297,急ブレーキ,1,"https://www.google.com/maps?q=34.842788,138.310297"
静岡県,22,焼津市,212,34.849007,138.322654,急ブレーキ,1,"https://www.google.com/maps?q=34.849007,138.322654"
静岡県,22,焼津市,212,34.872765,138.324064,急ブレーキ,1,"https://www.google.com/maps?q=34.872765,138.324064"
静岡県,22,焼津市,212,34.848922,138.315039,急ブレーキ,1,"https://www.google.com/maps?q=34.848922,138.315039"
静岡県,22,焼津市,212,34.88168,138.302678,急ブレーキ,1,"https://www.google.com/maps?q=34.88168,138.30267799"
静岡県,22,焼津市,212,34.832337,138.325119,急ブレーキ,1,"https://www.google.com/maps?q=34.832337,138.325119"
静岡県,22,焼津市,212,34.86529,138.325474,急ブレーキ,2,"https://www.google.com/maps?q=34.86529,138.325474"
静岡県,22,焼津市,212,34.866024,138.322893,急ブレーキ,1,"https://www.google.com/maps?q=34.866024,138.322893"
静岡県,22,焼津市,212,34.886392,138.324013,急ブレーキ,1,"https://www.google.com/maps?q=34.886392,138.324013"
静岡県,22,焼津市,212,34.89111599,138.310417,急ブレーキ,1,"https://www.google.com/maps?q=34.89111599,138.310417"
静岡県,22,焼津市,212,34.867438,138.317325,急ブレーキ,1,"https://www.google.com/maps?q=34.867438,138.317325"
静岡県,22,焼津市,212,34.843291,138.317832,急ブレーキ,1,"https://www.google.com/maps?q=34.843291,138.317832"
静岡県,22,焼津市,212,34.870392,138.323933,急ブレーキ,1,"https://www.google.com/maps?q=34.870392,138.323933"
静岡県,22,焼津市,212,34.798735,138.308747,急ブレーキ,1,"https://www.google.com/maps?q=34.798735,138.308747"
静岡県,22,焼津市,212,34.865235,138.319858,急ブレーキ,1,"https://www.google.com/maps?q=34.865235,138.319858"
静岡県,22,焼津市,212,34.873716,138.316703,急ブレーキ,1,"https://www.google.com/maps?q=34.873716,138.31670299"
静岡県,22,焼津市,212,34.85933699,138.301138,急ブレーキ,1,"https://www.google.com/maps?q=34.85933699,138.301138"
静岡県,22,焼津市,212,34.810553,138.310544,急ブレーキ,1,"https://www.google.com/maps?q=34.810553,138.310544"
静岡県,22,焼津市,212,34.867491,138.313469,急ブレーキ,1,"https://www.google.com/maps?q=34.867491,138.313469"
静岡県,22,焼津市,212,34.803612,138.307735,急ブレーキ,1,"https://www.google.com/maps?q=34.803612,138.307735"
静岡県,22,焼津市,212,34.833016,138.285576,急ブレーキ,1,"https://www.google.com/maps?q=34.833016,138.285576"
静岡県,22,焼津市,212,34.818368,138.30992,急ブレーキ,1,"https://www.google.com/maps?q=34.818368,138.30992"
静岡県,22,焼津市,212,34.818654,138.306491,急ブレーキ,1,"https://www.google.com/maps?q=34.818654,138.306491"
静岡県,22,焼津市,212,34.848577,138.32371,急ブレーキ,1,"https://www.google.com/maps?q=34.848577,138.32371"
静岡県,22,焼津市,212,34.83320599,138.33351,急ブレーキ,1,"https://www.google.com/maps?q=34.83320599,138.33350999"
静岡県,22,焼津市,212,34.77864799,138.281585,急ブレーキ,1,"https://www.google.com/maps?q=34.77864799,138.281585"
静岡県,22,焼津市,212,34.877106,138.305693,急ブレーキ,1,"https://www.google.com/maps?q=34.877106,138.305693"
静岡県,22,焼津市,212,34.870385,138.299461,急ブレーキ,1,"https://www.google.com/maps?q=34.870385,138.299461"
静岡県,22,焼津市,212,34.869639,138.299537,急ブレーキ,1,"https://www.google.com/maps?q=34.869639,138.29953699"
静岡県,22,焼津市,212,34.81032299,138.311,急ブレーキ,1,"https://www.google.com/maps?q=34.81032299,138.311"
静岡県,22,焼津市,212,34.86243,138.324726,急ブレーキ,1,"https://www.google.com/maps?q=34.86243,138.324726"
静岡県,22,焼津市,212,34.866536,138.323141,急ブレーキ,1,"https://www.google.com/maps?q=34.866536,138.323141"
静岡県,22,焼津市,212,34.82737,138.320139,急ブレーキ,1,"https://www.google.com/maps?q=34.82737,138.320139"
静岡県,22,焼津市,212,34.863083,138.324871,急ブレーキ,1,"https://www.google.com/maps?q=34.863083,138.324871"
静岡県,22,焼津市,212,34.87873299,138.311054,急ブレーキ,1,"https://www.google.com/maps?q=34.87873299,138.311054"
静岡県,22,焼津市,212,34.796438,138.296329,急ブレーキ,1,"https://www.google.com/maps?q=34.796438,138.29632899"
静岡県,22,焼津市,212,34.86649899,138.323303,急ブレーキ,1,"https://www.google.com/maps?q=34.86649899,138.323303"
静岡県,22,焼津市,212,34.82309699,138.326332,急ブレーキ,1,"https://www.google.com/maps?q=34.82309699,138.326332"
静岡県,22,焼津市,212,34.854291,138.3242,急ブレーキ,1,"https://www.google.com/maps?q=34.854291,138.3242"
静岡県,22,焼津市,212,34.830427,138.325287,急ブレーキ,1,"https://www.google.com/maps?q=34.830427,138.325287"
静岡県,22,焼津市,212,34.86388199,138.307099,急ブレーキ,1,"https://www.google.com/maps?q=34.86388199,138.307099"
静岡県,22,焼津市,212,34.841971,138.300083,急ブレーキ,1,"https://www.google.com/maps?q=34.841971,138.300083"
静岡県,22,焼津市,212,34.874943,138.312655,急ブレーキ,1,"https://www.google.com/maps?q=34.874943,138.312655"
静岡県,22,焼津市,212,34.885254,138.307752,急ブレーキ,1,"https://www.google.com/maps?q=34.885254,138.307752"
静岡県,22,焼津市,212,34.800946,138.289294,急ブレーキ,1,"https://www.google.com/maps?q=34.800946,138.289294"
静岡県,22,焼津市,212,34.840016,138.312333,急ブレーキ,1,"https://www.google.com/maps?q=34.840016,138.312333"
